payment_id,order_id,payment_date
PY1,90001,04/06/2022
PY2,90002,05/03/2022
PY3,90003,29/06/2022
PY4,90004,23/08/2022
PY5,90005,20/05/2022
PY6,90006,25/01/2022
PY7,90007,08/06/2022
PY8,90008,14/03/2022
PY9,90009,13/06/2022
PY10,90010,02/07/2022
PY11,90011,23/11/2022
PY12,90012,19/08/2022
PY13,90013,09/04/2022
PY14,90014,08/07/2022
PY15,90015,04/10/2022
PY16,90017,28/04/2022
PY17,90019,28/03/2023
PY18,90020,09/08/2022
PY19,90022,13/04/2022
PY20,90023,30/12/2022
PY21,90026,27/01/2023
PY22,90027,30/12/2022
PY23,90030,07/08/2022
PY24,90031,12/08/2022
PY25,90033,02/03/2022
PY26,90034,17/01/2022
PY27,90035,29/10/2022
PY28,90039,02/02/2023
PY29,90040,04/02/2023
PY30,90041,12/05/2022
PY31,90042,02/06/2022
PY32,90044,20/02/2023
PY33,90045,24/02/2023
PY34,90046,26/01/2023
PY35,90048,20/04/2022
PY36,90049,07/03/2023
PY37,90050,29/08/2022
PY38,90052,28/03/2023
PY39,90055,18/10/2022
PY40,90056,04/12/2022
PY41,90058,21/02/2022
PY42,90060,26/06/2022
PY43,90061,09/12/2022
PY44,90063,03/10/2022
PY45,90064,24/06/2022
PY46,90066,09/01/2022
PY47,90068,25/07/2022
PY48,90069,15/01/2022
PY49,90071,05/11/2022
PY50,90072,17/12/2022
PY51,90073,07/03/2022
PY52,90074,26/04/2022
PY53,90075,29/01/2022
PY54,90076,07/03/2023
PY55,90078,03/01/2023
PY56,90079,03/12/2022
PY57,90081,26/08/2022
PY58,90082,05/03/2022
PY59,90083,20/04/2022
PY60,90086,28/03/2023
PY61,90087,05/03/2023
PY62,90088,22/10/2022
PY63,90089,26/09/2022
PY64,90092,08/03/2022
PY65,90093,30/05/2022
PY66,90094,06/11/2022
PY67,90095,19/10/2022
PY68,90096,13/02/2022
PY69,90097,24/06/2022
PY70,90098,09/05/2022
PY71,90099,29/08/2022
PY72,90100,06/01/2022
PY73,90101,12/03/2023
PY74,90102,10/01/2023
PY75,90103,05/01/2023
PY76,90104,16/06/2022
PY77,90105,14/07/2022
PY78,90106,23/02/2023
PY79,90107,09/03/2022
PY80,90108,03/03/2023
PY81,90112,20/01/2023
PY82,90115,13/08/2022
PY83,90116,22/05/2022
PY84,90117,21/01/2023
PY85,90118,21/11/2022
PY86,90119,18/03/2023
PY87,90121,19/05/2022
PY88,90122,10/01/2022
PY89,90123,28/11/2022
PY90,90124,08/04/2022
PY91,90126,01/04/2022
PY92,90127,26/03/2022
PY93,90128,09/10/2022
PY94,90129,24/02/2023
PY95,90130,15/07/2022
PY96,90131,02/10/2022
PY97,90132,11/12/2022
PY98,90133,05/08/2022
PY99,90134,10/10/2022
PY100,90137,16/12/2022
PY101,90139,25/09/2022
PY102,90141,30/10/2022
PY103,90142,28/10/2022
PY104,90143,16/05/2022
PY105,90144,08/10/2022
PY106,90145,03/04/2023
PY107,90146,16/03/2022
PY108,90147,07/01/2023
PY109,90149,16/12/2022
PY110,90150,02/01/2022
PY111,90151,01/11/2022
PY112,90153,06/05/2022
PY113,90155,27/11/2022
PY114,90157,28/01/2022
PY115,90158,22/05/2022
PY116,90159,08/02/2023
PY117,90163,02/01/2022
PY118,90164,05/02/2023
PY119,90165,27/08/2022
PY120,90166,26/10/2022
PY121,90167,29/11/2022
PY122,90168,08/03/2022
PY123,90170,29/12/2022
PY124,90172,22/11/2022
PY125,90173,20/06/2022
PY126,90174,28/02/2022
PY127,90176,27/02/2022
PY128,90177,16/06/2022
PY129,90178,28/02/2022
PY130,90180,22/04/2022
PY131,90181,21/12/2022
PY132,90183,07/03/2023
PY133,90184,04/01/2022
PY134,90185,08/03/2023
PY135,90186,08/01/2022
PY136,90187,07/06/2022
PY137,90188,03/07/2022
PY138,90189,19/09/2022
PY139,90193,06/04/2022
PY140,90194,08/05/2022
PY141,90195,29/10/2022
PY142,90196,26/02/2023
PY143,90199,07/06/2022
PY144,90200,25/09/2022
PY145,90201,06/10/2022
PY146,90202,29/09/2022
PY147,90203,15/03/2022
PY148,90204,27/06/2022
PY149,90205,01/07/2022
PY150,90206,06/01/2023
PY151,90207,07/02/2022
PY152,90208,12/05/2022
PY153,90209,11/09/2022
PY154,90210,31/10/2022
PY155,90215,04/04/2022
PY156,90216,06/06/2022
PY157,90217,26/08/2022
PY158,90220,05/05/2022
PY159,90221,14/03/2022
PY160,90223,31/07/2022
PY161,90224,08/02/2022
PY162,90225,02/01/2023
PY163,90226,05/10/2022
PY164,90227,03/09/2022
PY165,90229,19/01/2023
PY166,90230,16/03/2022
PY167,90231,12/02/2023
PY168,90234,24/05/2022
PY169,90236,16/04/2022
PY170,90238,29/09/2022
PY171,90239,03/06/2022
PY172,90240,24/03/2023
PY173,90242,17/01/2022
PY174,90245,23/12/2022
PY175,90246,30/01/2023
PY176,90247,12/03/2023
PY177,90249,14/07/2022
PY178,90251,14/10/2022
PY179,90252,02/03/2023
PY180,90253,17/06/2022
PY181,90254,13/09/2022
PY182,90256,28/04/2022
PY183,90257,06/06/2022
PY184,90258,17/03/2023
PY185,90259,22/12/2022
PY186,90260,08/03/2023
PY187,90261,04/06/2022
PY188,90263,07/09/2022
PY189,90265,16/11/2022
PY190,90268,07/02/2023
PY191,90269,11/11/2022
PY192,90270,16/03/2023
PY193,90271,15/05/2022
PY194,90272,09/03/2023
PY195,90273,13/10/2022
PY196,90274,19/11/2022
PY197,90275,20/11/2022
PY198,90276,08/04/2022
PY199,90277,06/04/2022
PY200,90278,09/02/2022
PY201,90279,27/02/2022
PY202,90280,07/05/2022
PY203,90281,20/11/2022
PY204,90282,23/12/2022
PY205,90283,02/03/2023
PY206,90284,03/09/2022
PY207,90285,15/09/2022
PY208,90288,26/06/2022
PY209,90289,25/08/2022
PY210,90290,03/01/2023
PY211,90291,01/01/2022
PY212,90293,15/12/2022
PY213,90295,15/09/2022
PY214,90296,08/02/2023
PY215,90297,19/04/2022
PY216,90298,13/06/2022
PY217,90300,22/06/2022
PY218,90301,29/08/2022
PY219,90302,16/07/2022
PY220,90303,25/07/2022
PY221,90304,28/03/2023
PY222,90308,26/04/2022
PY223,90309,21/03/2023
PY224,90310,25/10/2022
PY225,90311,20/02/2023
PY226,90312,02/04/2022
PY227,90313,05/01/2022
PY228,90314,28/03/2023
PY229,90315,10/01/2023
PY230,90318,23/09/2022
PY231,90320,14/01/2022
PY232,90321,15/02/2023
PY233,90322,10/06/2022
PY234,90324,14/02/2023
PY235,90325,03/10/2022
PY236,90326,22/09/2022
PY237,90327,18/02/2022
PY238,90330,30/01/2022
PY239,90331,09/06/2022
PY240,90333,24/01/2022
PY241,90334,12/11/2022
PY242,90335,03/06/2022
PY243,90337,15/12/2022
PY244,90339,21/06/2022
PY245,90342,02/03/2022
PY246,90344,19/02/2022
PY247,90346,07/02/2023
PY248,90347,30/10/2022
PY249,90348,23/07/2022
PY250,90349,15/02/2022
PY251,90350,24/07/2022
PY252,90352,26/01/2022
PY253,90355,03/11/2022
PY254,90356,01/08/2022
PY255,90357,11/10/2022
PY256,90358,24/10/2022
PY257,90359,14/04/2022
PY258,90360,29/07/2022
PY259,90362,14/08/2022
PY260,90363,04/01/2023
PY261,90364,13/03/2022
PY262,90367,31/08/2022
PY263,90370,26/06/2022
PY264,90371,22/06/2022
PY265,90374,20/10/2022
PY266,90376,06/02/2023
PY267,90377,17/02/2023
PY268,90379,13/05/2022
PY269,90380,29/05/2022
PY270,90383,15/09/2022
PY271,90384,04/05/2022
PY272,90386,08/10/2022
PY273,90387,16/02/2022
PY274,90388,20/02/2023
PY275,90389,27/02/2022
PY276,90390,15/01/2023
PY277,90391,09/01/2022
PY278,90392,09/08/2022
PY279,90393,18/08/2022
PY280,90394,21/08/2022
PY281,90395,21/12/2022
PY282,90397,20/04/2022
PY283,90398,27/12/2022
PY284,90399,19/01/2023
PY285,90401,30/09/2022
PY286,90402,31/12/2022
PY287,90405,12/09/2022
PY288,90406,25/11/2022
PY289,90407,31/08/2022
PY290,90415,12/07/2022
PY291,90416,13/11/2022
PY292,90417,31/10/2022
PY293,90418,03/02/2023
PY294,90419,05/01/2022
PY295,90420,14/03/2022
PY296,90422,12/10/2022
PY297,90423,29/08/2022
PY298,90424,01/04/2022
PY299,90426,30/12/2022
PY300,90427,24/07/2022
PY301,90428,26/05/2022
PY302,90430,20/07/2022
PY303,90431,25/09/2022
PY304,90432,10/05/2022
PY305,90433,16/01/2022
PY306,90438,24/10/2022
PY307,90439,26/02/2023
PY308,90440,13/01/2023
PY309,90444,02/06/2022
PY310,90445,12/06/2022
PY311,90446,23/06/2022
PY312,90448,17/07/2022
PY313,90449,19/03/2023
PY314,90450,22/08/2022
PY315,90451,08/10/2022
PY316,90452,07/06/2022
PY317,90453,03/10/2022
PY318,90454,06/01/2022
PY319,90455,04/09/2022
PY320,90456,19/09/2022
PY321,90457,04/03/2022
PY322,90458,28/01/2023
PY323,90460,08/01/2023
PY324,90461,17/03/2022
PY325,90462,21/03/2023
PY326,90464,12/11/2022
PY327,90465,27/12/2022
PY328,90466,31/07/2022
PY329,90467,11/01/2023
PY330,90469,20/01/2022
PY331,90470,15/03/2022
PY332,90472,19/06/2022
PY333,90473,29/07/2022
PY334,90474,05/11/2022
PY335,90475,05/03/2022
PY336,90476,25/01/2022
PY337,90477,25/09/2022
PY338,90479,26/03/2023
PY339,90480,23/01/2023
PY340,90481,11/10/2022
PY341,90482,13/04/2022
PY342,90484,07/06/2022
PY343,90485,09/04/2022
PY344,90486,23/09/2022
PY345,90487,09/01/2022
PY346,90488,20/12/2022
PY347,90489,19/01/2023
PY348,90490,09/02/2023
PY349,90492,03/09/2022
PY350,90493,06/03/2022
PY351,90494,14/12/2022
PY352,90497,29/07/2022
PY353,90499,25/11/2022
PY354,90500,05/10/2022
PY355,90503,22/03/2023
PY356,90506,03/07/2022
PY357,90507,18/02/2023
PY358,90510,15/02/2023
PY359,90511,06/07/2022
PY360,90512,15/03/2022
PY361,90513,16/07/2022
PY362,90514,29/09/2022
PY363,90518,04/03/2023
PY364,90520,19/06/2022
PY365,90522,13/12/2022
PY366,90523,19/02/2022
PY367,90524,09/02/2022
PY368,90525,22/03/2023
PY369,90532,08/04/2022
PY370,90534,22/02/2023
PY371,90535,18/06/2022
PY372,90536,04/01/2023
PY373,90537,21/12/2022
PY374,90539,12/08/2022
PY375,90541,03/01/2023
PY376,90542,03/01/2023
PY377,90546,02/10/2022
PY378,90548,07/09/2022
PY379,90550,24/06/2022
PY380,90551,02/07/2022
PY381,90554,06/06/2022
PY382,90559,26/11/2022
PY383,90561,02/03/2022
PY384,90562,20/09/2022
PY385,90563,29/03/2023
PY386,90564,03/01/2022
PY387,90565,26/09/2022
PY388,90566,11/03/2022
PY389,90567,28/10/2022
PY390,90568,19/01/2022
PY391,90570,10/09/2022
PY392,90571,23/09/2022
PY393,90572,14/08/2022
PY394,90574,30/03/2023
PY395,90575,30/08/2022
PY396,90576,16/01/2023
PY397,90578,18/03/2023
PY398,90579,13/10/2022
PY399,90580,16/06/2022
PY400,90581,23/12/2022
PY401,90582,03/09/2022
PY402,90584,04/03/2023
PY403,90586,17/08/2022
PY404,90588,01/03/2023
PY405,90589,14/08/2022
PY406,90590,10/02/2022
PY407,90593,23/02/2022
PY408,90594,28/09/2022
PY409,90595,22/04/2022
PY410,90596,14/04/2022
PY411,90597,22/02/2022
PY412,90598,10/02/2023
PY413,90601,19/02/2022
PY414,90602,05/05/2023
PY415,90603,09/12/2022
PY416,90604,05/11/2022
PY417,90605,06/01/2023
PY418,90606,06/03/2023
PY419,90607,24/01/2023
PY420,90608,12/04/2023
PY421,90609,24/06/2023
PY422,90610,07/06/2023
PY423,90611,05/10/2023
PY424,90612,06/01/2023
PY425,90613,03/02/2022
PY426,90615,30/08/2022
PY427,90616,15/11/2023
PY428,90621,19/02/2022
PY429,90624,18/12/2023
PY430,90625,13/08/2023
PY431,90626,03/11/2022
PY432,90627,24/06/2023
PY433,90628,02/09/2023
PY434,90629,12/07/2022
PY435,90630,28/01/2022
PY436,90632,26/11/2022
PY437,90633,26/11/2022
PY438,90634,13/08/2023
PY439,90635,06/11/2023
PY440,90636,26/10/2022
PY441,90638,29/01/2023
PY442,90639,06/06/2023
PY443,90640,02/12/2022
PY444,90641,19/06/2022
PY445,90645,27/11/2022
PY446,90647,02/02/2023
PY447,90649,23/12/2023
PY448,90650,12/03/2022
PY449,90651,28/05/2023
PY450,90652,15/10/2022
PY451,90653,03/10/2023
PY452,90655,04/04/2022
PY453,90656,24/11/2023
PY454,90658,07/11/2023
PY455,90661,01/02/2023
PY456,90663,05/04/2022
PY457,90664,28/02/2022
PY458,90665,29/08/2022
PY459,90666,08/02/2023
PY460,90667,29/04/2022
PY461,90668,25/04/2023
PY462,90669,17/01/2022
PY463,90672,26/02/2023
PY464,90673,10/05/2023
PY465,90675,25/04/2022
PY466,90677,14/01/2023
PY467,90679,13/03/2023
PY468,90680,22/05/2023
PY469,90681,08/08/2022
PY470,90682,03/12/2023
PY471,90685,03/02/2023
PY472,90686,19/05/2023
PY473,90692,03/02/2023
PY474,90693,16/12/2023
PY475,90695,11/12/2022
PY476,90697,25/11/2022
PY477,90700,17/04/2022
PY478,90701,19/05/2022
PY479,90702,12/02/2022
PY480,90706,14/09/2022
PY481,90707,02/05/2023
PY482,90708,16/09/2023
PY483,90709,26/08/2023
PY484,90712,28/03/2022
PY485,90713,18/06/2023
PY486,90714,12/05/2022
PY487,90715,17/02/2023
PY488,90716,27/01/2022
PY489,90717,27/02/2022
PY490,90719,27/01/2023
PY491,90721,06/06/2023
PY492,90723,06/11/2022
PY493,90725,05/08/2022
PY494,90726,29/06/2022
PY495,90727,08/02/2022
PY496,90728,03/06/2022
PY497,90729,12/11/2023
PY498,90730,26/10/2023
PY499,90734,17/07/2023
PY500,90735,24/11/2023
PY501,90736,26/06/2022
PY502,90740,01/05/2023
PY503,90741,12/08/2022
PY504,90742,09/07/2023
PY505,90743,19/08/2023
PY506,90744,02/03/2023
PY507,90745,16/04/2023
PY508,90746,27/07/2023
PY509,90747,28/08/2022
PY510,90748,18/07/2022
PY511,90749,02/01/2024
PY512,90750,02/11/2023
PY513,90751,25/12/2023
PY514,90753,22/06/2023
PY515,90755,13/06/2022
PY516,90757,09/06/2023
PY517,90758,04/01/2023
PY518,90760,02/06/2022
PY519,90761,26/07/2023
PY520,90762,19/08/2022
PY521,90763,19/08/2022
PY522,90764,03/05/2022
PY523,90765,04/01/2022
PY524,90766,14/12/2022
PY525,90768,06/03/2023
PY526,90769,15/11/2023
PY527,90770,08/10/2022
PY528,90771,28/01/2023
PY529,90772,24/03/2022
PY530,90773,05/09/2022
PY531,90774,14/06/2023
PY532,90775,22/01/2023
PY533,90776,26/01/2022
PY534,90777,16/05/2023
PY535,90778,14/02/2023
PY536,90780,07/02/2023
PY537,90782,08/07/2022
PY538,90783,13/11/2023
PY539,90784,15/03/2023
PY540,90785,23/10/2022
PY541,90786,12/11/2022
PY542,90788,18/05/2023
PY543,90789,16/02/2022
PY544,90791,30/07/2023
PY545,90792,20/06/2022
PY546,90793,11/03/2022
PY547,90799,20/09/2023
PY548,90800,10/06/2023
